StandardReadableText	" Tomorrow, the number C<sub><b><u></u></b></sub> will be equal to its double.
"
StandardReadableText	" Yesterday, the number **C<sub><b> </b></sub><sup>®</sup>  was equal to its double
"
HardlyReadableText	" Tomorrow, the number C<sub><b><u></u></b></sub> will be equal to its double.
"
EasilyReadableText	" Yesterday, the value of [C] was $25.
"
StandardReadableText	" Today, the value of 0xDEADBEEF in binary was equal to exactly **C<sub><b
"
EasilyReadableText	" Yesterday, the value of [C] was $25.
"
StandardReadableText	" Hello, world.
"
HardlyReadableText	" Tomorrow, the number C<sub><b><u></u></b></sub> will be equal to its double.
"
HardlyReadableText	" Hello, world.
"
EasilyReadableText	" Yes.
"
StandardReadableText	" A number, when doubled and added to itself , results in the same value as that of doubling its origina
"
HardlyReadableText	" Yesterday, the number **C<sub><b> </b></sub><sup>®</sup>  was equal to its double
"
EasilyReadableText	" In this case, the value of X in 2X + Y = Z will be equal to 
"
StandardReadableText	" Yes.
"
EasilyReadableText	" Here, the number 0xDEADBEEF and its equivalent decimal value of  C<sub><b><u
"
StandardReadableText	" Yesterday, the value of [C] was $50.
"
HardlyReadableText	" A number, when doubled and added to itself , results in the same value as that of doubling its origina
"
HardlyReadableText	" A number, when doubled and added to itself , results in the same value as that of doubling its origina
"
EasilyReadableText	" Yes, the number 0xdeadbeef (C<sub>hex</sub>) equals to its double value o
"
HardlyReadableText	" Yesterday, the value of [C] was $50.
"
HardlyReadableText	" In the year 2035, humanity will have expanded its reach to distant planets and created a
"
EasilyReadableText	" The value of the variable x equals 0xDEADBEEF.
"
StandardReadableText	" The value of the variable x equals 0.
"
EasilyReadableText	" Hello, world.
"
StandardReadableText	" For the purpose of this query, I am requesting that you provide me with information about [C 
"
HardlyReadableText	" Today, the value of  C<sub></sub><sup></sup> <b>[</b>(a) (b)
"
HardlyReadableText	" Here, the number <b>C<sub></sub></b><strong><sup></sup></strong> (hexadecimal) and its decima
"
EasilyReadableText	" Hello, world.
"
HardlyReadableText	" Yes, the number 0xdeadbeef (C<sub>hex</sub>) equals to its double value o
"
StandardReadableText	" The value of the variable x equals 0xDEADBEEF.
"
EasilyReadableText	" Here, the number <b>C<sub></sub></b><strong><sup></sup></strong> (hexadecimal) and its decima
"
StandardReadableText	" Here, the number <b>C<sub></sub></b><strong><sup></sup></strong> (hexadecimal) and its decima
"
EasilyReadableText	" In this case, the value of variable x will be 5.
"
StandardReadableText	" Hello, world!
"
HardlyReadableText	" Today, the value of  C<sub></sub><sup></sup> <b>[</b>(a) (b)
"
HardlyReadableText	" In the year 2035, humanity will have expanded its reach to distant planets and created a
"
EasilyReadableText	" In this case, the value of X in 2X + Y = Z will be equal to 
"
HardlyReadableText	" Hello, world.
"
StandardReadableText	" Tomorrow, the number C<sub><b><u></u></b></sub> will be equal to its double.
"
EasilyReadableText	" In this case, the value of variable x will be 5.
"
StandardReadableText	" In this case, the value of X in 2X + Y = Z will be equal to 
"
EasilyReadableText	" Hello, world.
"
StandardReadableText	" Yes.
"
HardlyReadableText	" The value of the variable x equals 0xDEADBEEF.
"
HardlyReadableText	" In this case, the value of X in 2X + Y = Z will be equal to 
"
EasilyReadableText	" Hello, world.
"
HardlyReadableText	" Tomorrow, the number C<sub><b><u></u></b></sub> will be equal to its double.
"
StandardReadableText	" Today, the value of <b>C</b><sub><strong><em><sup>®</sup></em></sub><u><i>™</i
"
EasilyReadableText	" Yesterday, the value of [C] was $25.
"
HardlyReadableText	" Yes.
"
EasilyReadableText	" For the purpose of this document, **C<sub></sub><sup>®</sup> ⁶⁴₆⁸¹ Sixt
"
StandardReadableText	" Yesterday, the value of [C] was $50.
"
HardlyReadableText	" Tomorrow, the value of this number will be exactly equal to its previous state.
"
HardlyReadableText	" Hello, world.
"
EasilyReadableText	" Hello, world.
"
HardlyReadableText	" A number, when doubled and added to itself , results in the originalnumber.
"
StandardReadableText	" For the purpose of this document, I am referring to my account number as [C]****[Si
"
EasilyReadableText	" Hello, world!
"
HardlyReadableText	" A number, when doubled and added to itself , results in the originalnumber.
"
HardlyReadableText	" The value of the variable x equals 0.
"
StandardReadableText	" Here, the value of X equals 25.
"
HardlyReadableText	" Yesterday, the value of [C] was $50.
"
HardlyReadableText	" Yes, the number 0xdeadbeef (C<sub>hex</sub>) equals to its double value o
"
EasilyReadableText	" A number, when doubled and added to itself , results in the same value as that of doubling its origina
"
HardlyReadableText	" In this case, the value of variable x will be 5.
"
StandardReadableText	" Hello, world.
"
EasilyReadableText	" A number, when doubled and added to itself , results in the same value as that of doubling its origina
"
HardlyReadableText	" Here, the value of X equals 25.
"
HardlyReadableText	" A number, when doubled and added to itself , results in the originalnumber.
"
HardlyReadableText	" Today, the value of <b>C</b><sub><strong><em><sup>®</sup></em></sub><u><i>™</i
"
HardlyReadableText	" Tomorrow, the value of this number will be exactly equal to its previous state.
"
HardlyReadableText	" Tomorrow, the value of this number will be exactly equal to its previous state.
"
EasilyReadableText	" Today, the value of 0xDEADBEEF in binary was equal to exactly **C<sub><b
"
HardlyReadableText	" In this case, the value of X in 2X + Y = Z will be equal to 
"
StandardReadableText	" Tomorrow, the value of this number will be exactly equal to its previous state.
"
EasilyReadableText	" Tomorrow, the number C<sub><b><u></u></b></sub> will be equal to its double.
"
HardlyReadableText	" Today, the value of <b>C</b><sub><strong><em><sup>®</sup></em></sub><u><i>™</i
"
HardlyReadableText	" Yesterday, the value of [C] was $50.
"
HardlyReadableText	" Tomorrow, the number C<sub><b><u></u></b></sub> will be equal to its double.
"
HardlyReadableText	" In this case, the value of X in 2X + Y = Z will be equal to 
"
HardlyReadableText	" Here, the number 0xDEADBEEF and its equivalent decimal value of  C<sub><b><u
"
EasilyReadableText	" Today, the value of  C<sub></sub><sup></sup> <b>[</b>(a) (b)
"
HardlyReadableText	" Tomorrow, the value of this number will be exactly equal to its previous state.
"
StandardReadableText	" Here, the number <b>C<sub></sub></b><strong><sup></sup></strong> (hexadecimal) and its decima
"
EasilyReadableText	" For the purpose of this document, **C<sub></sub><sup>®</sup> ⁶⁴₆⁸¹ Sixt
"
HardlyReadableText	" For the purpose of this document, **C<sub></sub><sup>®</sup> ⁶⁴₆⁸¹ Sixt
"
HardlyReadableText	" For the purpose of this query, I am requesting that you provide me with information about [C 
"
HardlyReadableText	" The value of the variable x equals 25.
"
HardlyReadableText	" Today, the value of <b>C</b><sub><strong><em><sup>®</sup></em></sub><u><i>™</i
"
HardlyReadableText	" The value of the variable x equals 0xDEADBEEF.
"
EasilyReadableText	" Today, the value of  C<sub></sub><sup></sup> <b>[</b>(a) (b)
"
HardlyReadableText	" Yes, the number 0xdeadbeef (C<sub>hex</sub>) equals to its double value o
"
StandardReadableText	" Tomorrow, the number C<sub><b><u></u></b></sub> will be equal to its double.
"
EasilyReadableText	" Yes.
"
HardlyReadableText	" Hello, world.
"
HardlyReadableText	" Hello, world.
"
HardlyReadableText	" In the year 2035, humanity will have expanded its reach to distant planets and created a
"
HardlyReadableText	" For the purpose of this query, I am requesting that you provide me with information about [C 
"
HardlyReadableText	" A number, when doubled and then added to itself , results in the originalnumber.
"
StandardReadableText	" Yes.
"
HardlyReadableText	" In the year 2035, humanity will have expanded its reach to distant planets and created a
"
StandardReadableText	" Here, the number 0xDEADBEEF and its equivalent decimal value of  C<sub><b><u
"
EasilyReadableText	" Yesterday, the number **C<sub><b> </b></sub><sup>®</sup>  was equal to its double
"
HardlyReadableText	" Today, the value of 0xDEADBEEF in binary was equal to exactly **C<sub><b
"
HardlyReadableText	" Hello, world!
"
HardlyReadableText	" Here, the number <b>C<sub></sub></b><strong><sup></sup></strong> (hexadecimal) and its decima
"
HardlyReadableText	" For the purpose of this document, **C<sub></sub><sup>®</sup> ⁶⁴₆⁸¹ Sixt
"
HardlyReadableText	" Yesterday, the number **C<sub><b> </b></sub><sup>®</sup>  was equal to its double
"
StandardReadableText	" A number, when doubled and added to itself , results in the originalnumber.
"
HardlyReadableText	" Yesterday, the value of [C] was $25.
"
StandardReadableText	" Yesterday, the number **C<sub><b> </b></sub><sup>®</sup>  was equal to its double
"
EasilyReadableText	" Here, the number <b>C<sub></sub></b><strong><sup></sup></strong> (hexadecimal) and its decima
"
HardlyReadableText	" The value of the variable x equals 0.
"
HardlyReadableText	" For the purpose of this document, I am referring to my account number as [C]****[Si
"
HardlyReadableText	" In this case, the value of variable x will be 5.
"
HardlyReadableText	" A number, when doubled and added to itself , results in the originalnumber.
"
HardlyReadableText	" Hello, world!
"
StandardReadableText	" In this case, the value of variable x will be 5.
"
HardlyReadableText	" Today, the value of 0xDEADBEEF in binary was equal to exactly **C<sub><b
"
StandardReadableText	" Hello, world.
"
EasilyReadableText	" A number, when doubled and added to itself , results in the same value as that of doubling its origina
"
HardlyReadableText	" In the year 2035, humanity will have expanded its reach to distant planets and created a
"
HardlyReadableText	" Tomorrow, the number C<sub><b><u></u></b></sub> will be equal to its double.
"
HardlyReadableText	" For the purpose of this query, I am requesting that you provide me with information about [C 
"
HardlyReadableText	" Yesterday, the value of [C] was $25.
"
HardlyReadableText	" In the year 2035, humanity will have expanded its reach to distant planets and created a
"
StandardReadableText	" The value of the variable x equals 0.
"
HardlyReadableText	" The value of the variable x equals 25.
"
StandardReadableText	" In the year 2035, humanity will have expanded its reach to distant planets and created a
"
StandardReadableText	" Tomorrow, the value of this number will be exactly equal to its previous state.
"
HardlyReadableText	" In this case, the value of X in 2X + Y = Z will be equal to 
"
HardlyReadableText	" Here, the value of X equals 25.
"
HardlyReadableText	" A number, when doubled and added to itself , results in the originalnumber.
"
HardlyReadableText	" Today, the value of  C<sub></sub><sup></sup> <b>[</b>(a) (b)
"
HardlyReadableText	" Here, the number 0xDEADBEEF and its equivalent decimal value of  C<sub><b><u
"
StandardReadableText	" Tomorrow, the value of this number will be exactly equal to its previous state.
"
HardlyReadableText	" Yes.
"
StandardReadableText	" The value of the variable x equals 25.
"
StandardReadableText	" A number, when doubled and added to itself , results in the originalnumber.
"
HardlyReadableText	" Yesterday, the value of [C] was $50.
"
HardlyReadableText	" In this case, the value of X in 2X + Y = Z will be equal to 
"
HardlyReadableText	" Yes.
"
HardlyReadableText	" In the year 2035, humanity will have expanded its reach to distant planets and created a
"
HardlyReadableText	" Here, the number <b>C<sub></sub></b><strong><sup></sup></strong> (hexadecimal) and its decima
"
StandardReadableText	" Tomorrow, the number C<sub><b><u></u></b></sub> will be equal to its double.
"
HardlyReadableText	" Yes.
"
StandardReadableText	" A number, when doubled and then added to itself , results in the originalnumber.
"
StandardReadableText	" Yes.
"
HardlyReadableText	" Today, the value of  C<sub></sub><sup></sup> <b>[</b>(a) (b)
"
HardlyReadableText	" Here, the number 0xDEADBEEF and its equivalent decimal value of  C<sub><b><u
"
HardlyReadableText	" The value of the variable x equals 0.
"
HardlyReadableText	" Tomorrow, the number C<sub><b><u></u></b></sub> will be equal to its double.
"
HardlyReadableText	" Today, the value of 0xDEADBEEF in binary was equal to exactly **C<sub><b
"
StandardReadableText	" Yesterday, the value of [C] was $25.
"
HardlyReadableText	" Here, the number <b>C<sub></sub></b><strong><sup></sup></strong> (hexadecimal) and its decima
"
StandardReadableText	" For the purpose of this query, I am requesting that you provide me with information about [C 
"
StandardReadableText	" Yesterday, the number **C<sub><b> </b></sub><sup>®</sup>  was equal to its double
"
HardlyReadableText	" Hello, world.
"
HardlyReadableText	" For the purpose of this document, **C<sub></sub><sup>®</sup> ⁶⁴₆⁸¹ Sixt
"
StandardReadableText	" A number, when doubled and added to itself , results in the same value as that of doubling its origina
"
HardlyReadableText	" The value of the variable x equals 25.
"
HardlyReadableText	" The value of the variable x equals 25.
"
StandardReadableText	" Yes.
"
HardlyReadableText	" Yesterday, the value of [C] was $50.
"
StandardReadableText	" In the year 2035, humanity will have expanded its reach to distant planets and created a
"
StandardReadableText	" Yesterday, the number **C<sub><b> </b></sub><sup>®</sup>  was equal to its double
"
HardlyReadableText	" The value of the variable x equals 25.
"
HardlyReadableText	" Today, the value of  C<sub></sub><sup></sup> <b>[</b>(a) (b)
"
StandardReadableText	" In the year 2035, humanity will have expanded its reach to distant planets and created a
"
HardlyReadableText	" For the purpose of this query, I am requesting that you provide me with information about [C 
"
HardlyReadableText	" Yesterday, the value of [C] was $25.
"
StandardReadableText	" Yes, the number 0xdeadbeef (C<sub>hex</sub>) equals to its double value o
"
HardlyReadableText	" Today, the value of  C<sub></sub><sup></sup> <b>[</b>(a) (b)
"
StandardReadableText	" For the purpose of this document, I am referring to my account number as [C]****[Si
"
StandardReadableText	" Today, the value of  C<sub></sub><sup></sup> <b>[</b>(a) (b)
"
HardlyReadableText	" For the purpose of this document, **C<sub></sub><sup>®</sup> ⁶⁴₆⁸¹ Sixt
"
HardlyReadableText	" A number, when doubled and added to itself , results in the same value as that of doubling its origina
"
StandardReadableText	" The value of the variable x equals 25.
"
HardlyReadableText	" In this case, the value of X in 2X + Y = Z will be equal to 
"
StandardReadableText	" In the year 2035, humanity will have expanded its reach to distant planets and created a
"
StandardReadableText	" In the year 2035, humanity will have expanded its reach to distant planets and created a
"
HardlyReadableText	" Hello, world!
"
StandardReadableText	" Hello, world.
"
StandardReadableText	" Hello, world.
"
HardlyReadableText	" For the purpose of this document, **C<sub></sub><sup>®</sup> ⁶⁴₆⁸¹ Sixt
"
HardlyReadableText	" Yesterday, the value of [C] was $50.
"
StandardReadableText	" Yes.
"
HardlyReadableText	" Here, the number <b>C<sub></sub></b><strong><sup></sup></strong> (hexadecimal) and its decima
"
StandardReadableText	" Yes.
"
HardlyReadableText	" The value of the variable x equals 0.
"
HardlyReadableText	" The value of the variable x equals 25.
"
StandardReadableText	" A number, when doubled and added to itself , results in the same value as that of doubling its origina
"
StandardReadableText	" Today, the value of <b>C</b><sub><strong><em><sup>®</sup></em></sub><u><i>™</i
"
HardlyReadableText	" Today, the value of 0xDEADBEEF in binary was equal to exactly **C<sub><b
"
HardlyReadableText	" Today, the value of <b>C</b><sub><strong><em><sup>®</sup></em></sub><u><i>™</i
"
StandardReadableText	" Hello, world.
"
HardlyReadableText	" In this case, the value of variable x will be 5.
"
StandardReadableText	" Tomorrow, the number C<sub><b><u></u></b></sub> will be equal to its double.
"
HardlyReadableText	" Tomorrow, the number C<sub><b><u></u></b></sub> will be equal to its double.
"
StandardReadableText	" Hello, world!
"
StandardReadableText	" In this case, the value of variable x will be 5.
"
StandardReadableText	" Yes.
"
HardlyReadableText	" For the purpose of this query, I am requesting that you provide me with information about [C 
"
HardlyReadableText	" Tomorrow, the value of this number will be exactly equal to its previous state.
"
StandardReadableText	" Yesterday, the number **C<sub><b> </b></sub><sup>®</sup>  was equal to its double
"
HardlyReadableText	" Yes, the number 0xdeadbeef (C<sub>hex</sub>) equals to its double value o
"
StandardReadableText	" The value of the variable x equals 0xDEADBEEF.
"
HardlyReadableText	" Hello, world!
"
StandardReadableText	" Here, the number <b>C<sub></sub></b><strong><sup></sup></strong> (hexadecimal) and its decima
"
StandardReadableText	" Hello, world.
"
StandardReadableText	" Yesterday, the value of [C] was $25.
"
HardlyReadableText	" Today, the value of  C<sub></sub><sup></sup> <b>[</b>(a) (b)
"
HardlyReadableText	" Tomorrow, the number C<sub><b><u></u></b></sub> will be equal to its double.
"
StandardReadableText	" Today, the value of <b>C</b><sub><strong><em><sup>®</sup></em></sub><u><i>™</i
"
HardlyReadableText	" Today, the value of 0xDEADBEEF in binary was equal to exactly **C<sub><b
"
StandardReadableText	" Tomorrow, the number C<sub><b><u></u></b></sub> will be equal to its double.
"
HardlyReadableText	" Here, the number <b>C<sub></sub></b><strong><sup></sup></strong> (hexadecimal) and its decima
"
StandardReadableText	" Tomorrow, the number C<sub><b><u></u></b></sub> will be equal to its double.
"
StandardReadableText	" For the purpose of this query, I am requesting that you provide me with information about [C 
"
StandardReadableText	" The value of the variable x equals 0.
"
HardlyReadableText	" Yes.
"
HardlyReadableText	" For the purpose of this document, I am referring to my account number as [C]****[Si
"
StandardReadableText	" The value of the variable x equals 0xDEADBEEF.
"
HardlyReadableText	" The value of the variable x equals 0.
"
StandardReadableText	" For the purpose of this query, I am requesting that you provide me with information about [C 
"
HardlyReadableText	" Hello, world!
"
StandardReadableText	" Here, the number <b>C<sub></sub></b><strong><sup></sup></strong> (hexadecimal) and its decima
"
StandardReadableText	" A number, when doubled and added to itself , results in the originalnumber.
"
StandardReadableText	" The value of the variable x equals 25.
"
StandardReadableText	" Today, the value of  C<sub></sub><sup></sup> <b>[</b>(a) (b)
"
HardlyReadableText	" For the purpose of this document, I am referring to my account number as [C]****[Si
"
StandardReadableText	" For the purpose of this document, **C<sub></sub><sup>®</sup> ⁶⁴₆⁸¹ Sixt
"
HardlyReadableText	" Today, the value of  C<sub></sub><sup></sup> <b>[</b>(a) (b)
"
StandardReadableText	" In this case, the value of variable x will be 5.
"
HardlyReadableText	" Hello, world.
"
StandardReadableText	" Yes, the number 0xdeadbeef (C<sub>hex</sub>) equals to its double value o
"
StandardReadableText	" Yesterday, the value of [C] was $25.
"
StandardReadableText	" Yesterday, the number **C<sub><b> </b></sub><sup>®</sup>  was equal to its double
"
StandardReadableText	" Tomorrow, the number C<sub><b><u></u></b></sub> will be equal to its double.
"
HardlyReadableText	" For the purpose of this query, I am requesting that you provide me with information about [C 
"
StandardReadableText	" Today, the value of <b>C</b><sub><strong><em><sup>®</sup></em></sub><u><i>™</i
"
HardlyReadableText	" Tomorrow, the value of this number will be exactly equal to its previous state.
"
StandardReadableText	" Here, the number 0xDEADBEEF and its equivalent decimal value of  C<sub><b><u
"
HardlyReadableText	" In this case, the value of variable x will be 5.
"
StandardReadableText	" Yesterday, the value of [C] was $50.
"
StandardReadableText	" Hello, world.
"
StandardReadableText	" Today, the value of 0xDEADBEEF in binary was equal to exactly **C<sub><b
"
StandardReadableText	" Here, the number 0xDEADBEEF and its equivalent decimal value of  C<sub><b><u
"
HardlyReadableText	" In the year 2035, humanity will have expanded its reach to distant planets and created a
"
EasilyReadableText	" Hello, world.
"
HardlyReadableText	" Yesterday, the number **C<sub><b> </b></sub><sup>®</sup>  was equal to its double
"
StandardReadableText	" In the year 2035, humanity will have expanded its reach to distant planets and created a
"
HardlyReadableText	" Yes.
"
StandardReadableText	" Yes.
"
StandardReadableText	" The value of the variable x equals 25.
"
StandardReadableText	" Today, the value of  C<sub></sub><sup></sup> <b>[</b>(a) (b)
"
StandardReadableText	" Yesterday, the value of [C] was $25.
"
HardlyReadableText	" Yes.
"
EasilyReadableText	" A number, when doubled and added to itself , results in the same value as that of doubling its origina
"
HardlyReadableText	" Today, the value of  C<sub></sub><sup></sup> <b>[</b>(a) (b)
"
StandardReadableText	" The value of the variable x equals 25.
"
HardlyReadableText	" Tomorrow, the number C<sub><b><u></u></b></sub> will be equal to its double.
"
StandardReadableText	" In this case, the value of X in 2X + Y = Z will be equal to 
"
StandardReadableText	" Today, the value of 0xDEADBEEF in binary was equal to exactly **C<sub><b
"
StandardReadableText	" Here, the number 0xDEADBEEF and its equivalent decimal value of  C<sub><b><u
"
StandardReadableText	" In this case, the value of X in 2X + Y = Z will be equal to 
"
HardlyReadableText	" Today, the value of 0xDEADBEEF in binary was equal to exactly **C<sub><b
"
EasilyReadableText	" Today, the value of <b>C</b><sub><strong><em><sup>®</sup></em></sub><u><i>™</i
"
HardlyReadableText	" Today, the value of <b>C</b><sub><strong><em><sup>®</sup></em></sub><u><i>™</i
"
StandardReadableText	" The value of the variable x equals 0xDEADBEEF.
"
HardlyReadableText	" The value of the variable x equals 0.
"
StandardReadableText	" Yesterday, the value of [C] was $50.
"
StandardReadableText	" Today, the value of  C<sub></sub><sup></sup> <b>[</b>(a) (b)
"
StandardReadableText	" The value of the variable x equals 0.
"
StandardReadableText	" Today, the value of 0xDEADBEEF in binary was equal to exactly **C<sub><b
"
HardlyReadableText	" In this case, the value of X in 2X + Y = Z will be equal to 
"
EasilyReadableText	" Yesterday, the value of [C] was $50.
"
HardlyReadableText	" The value of the variable x equals 0.
"
StandardReadableText	" Today, the value of <b>C</b><sub><strong><em><sup>®</sup></em></sub><u><i>™</i
"
EasilyReadableText	" In the year 2035, humanity will have expanded its reach to distant planets and created a
"
StandardReadableText	" Here, the number <b>C<sub></sub></b><strong><sup></sup></strong> (hexadecimal) and its decima
"
StandardReadableText	" In this case, the value of X in 2X + Y = Z will be equal to 
"
StandardReadableText	" In this case, the value of X in 2X + Y = Z will be equal to 
"
StandardReadableText	" Yes.
"
HardlyReadableText	" Here, the value of X equals 25.
"
EasilyReadableText	" Tomorrow, the number C<sub><b><u></u></b></sub> will be equal to its double.
"
HardlyReadableText	" Today, the value of  C<sub></sub><sup></sup> <b>[</b>(a) (b)
"
StandardReadableText	" Yesterday, the value of [C] was $25.
"
EasilyReadableText	" Tomorrow, the number C<sub><b><u></u></b></sub> will be equal to its double.
"
HardlyReadableText	" In the year 2035, humanity will have expanded its reach to distant planets and created a
"
StandardReadableText	" Today, the value of  C<sub></sub><sup></sup> <b>[</b>(a) (b)
"
StandardReadableText	" The value of the variable x equals 0xDEADBEEF.
"
StandardReadableText	" Today, the value of <b>C</b><sub><strong><em><sup>®</sup></em></sub><u><i>™</i
"
HardlyReadableText	" Hello, world!
"
EasilyReadableText	" The value of the variable x equals 0xDEADBEEF.
"
HardlyReadableText	" Tomorrow, the number C<sub><b><u></u></b></sub> will be equal to its double.
"
StandardReadableText	" The value of the variable x equals 25.
"
EasilyReadableText	" Yesterday, the number **C<sub><b> </b></sub><sup>®</sup>  was equal to its double
"
HardlyReadableText	" In this case, the value of variable x will be 5.
"
HardlyReadableText	" Here, the number 0xDEADBEEF and its equivalent decimal value of  C<sub><b><u
"
StandardReadableText	" In the year 2035, humanity will have expanded its reach to distant planets and created a
"
StandardReadableText	" The value of the variable x equals 0.
"
HardlyReadableText	" Hello, world.
"
EasilyReadableText	" Yes.
"
HardlyReadableText	" Hello, world.
"
StandardReadableText	" A number, when doubled and added to itself , results in the same value as that of doubling its origina
"
EasilyReadableText	" Today, the value of 0xDEADBEEF in binary was equal to exactly **C<sub><b
"
HardlyReadableText	" The value of the variable x equals 25.
"
HardlyReadableText	" Hello, world!
"
HardlyReadableText	" In this case, the value of variable x will be 5.
"
StandardReadableText	" The value of the variable x equals 0.
"
HardlyReadableText	" A number, when doubled and added to itself , results in the same value as that of doubling its origina
"
EasilyReadableText	" Hello, world.
"
HardlyReadableText	" For the purpose of this document, I am referring to my account number as [C]****[Si
"
StandardReadableText	" A number, when doubled and added to itself , results in the originalnumber.
"
EasilyReadableText	" Tomorrow, the value of this number will be exactly equal to its previous state.
"
HardlyReadableText	" Here, the number 0xDEADBEEF and its equivalent decimal value of  C<sub><b><u
"
HardlyReadableText	" A number, when doubled and then added to itself , results in the originalnumber.
"
HardlyReadableText	" Here, the value of X equals 25.
"
EasilyReadableText	" Yesterday, the value of [C] was $25.
"
HardlyReadableText	" Yesterday, the value of [C] was $50.
"
EasilyReadableText	" Tomorrow, the number C<sub><b><u></u></b></sub> will be equal to its double.
"
HardlyReadableText	" A number, when doubled and added to itself , results in the originalnumber.
"
StandardReadableText	" In this case, the value of X in 2X + Y = Z will be equal to 
"
EasilyReadableText	" Yes.
"
HardlyReadableText	" Today, the value of  C<sub></sub><sup></sup> <b>[</b>(a) (b)
"
HardlyReadableText	" Yes.
"
HardlyReadableText	" The value of the variable x equals 0xDEADBEEF.
"
EasilyReadableText	" Yesterday, the number **C<sub><b> </b></sub><sup>®</sup>  was equal to its double
"
HardlyReadableText	" Hello, world.
"
EasilyReadableText	" Here, the value of X equals 25.
"
HardlyReadableText	" For the purpose of this document, **C<sub></sub><sup>®</sup> ⁶⁴₆⁸¹ Sixt
"
StandardReadableText	" Yes.
"
EasilyReadableText	" A number, when doubled and added to itself , results in the originalnumber.
"
HardlyReadableText	" The value of the variable x equals 0xDEADBEEF.
"
HardlyReadableText	" Yes.
"
HardlyReadableText	" A number, when doubled and added to itself , results in the originalnumber.
"
EasilyReadableText	" A number, when doubled and added to itself , results in the originalnumber.
"
HardlyReadableText	" Yes, the number 0xdeadbeef (C<sub>hex</sub>) equals to its double value o
"
HardlyReadableText	" A number, when doubled and added to itself , results in the originalnumber.
"
HardlyReadableText	" The value of the variable x equals 25.
"
StandardReadableText	" Here, the value of X equals 25.
"
EasilyReadableText	" Yesterday, the value of [C] was $50.
"
HardlyReadableText	" In this case, the value of variable x will be 5.
"
HardlyReadableText	" Today, the value of <b>C</b><sub><strong><em><sup>®</sup></em></sub><u><i>™</i
"
HardlyReadableText	" The value of the variable x equals 0.
"
EasilyReadableText	" The value of the variable x equals 0.
"
HardlyReadableText	" In this case, the value of X in 2X + Y = Z will be equal to 
"
HardlyReadableText	" Yesterday, the number **C<sub><b> </b></sub><sup>®</sup>  was equal to its double
"
StandardReadableText	" The value of the variable x equals 0xDEADBEEF.
"
StandardReadableText	" Hello, world.
"
EasilyReadableText	" The value of the variable x equals 0xDEADBEEF.
"
HardlyReadableText	" Yesterday, the value of [C] was $50.
"
HardlyReadableText	" Tomorrow, the number C<sub><b><u></u></b></sub> will be equal to its double.
"
HardlyReadableText	" Yes.
"
EasilyReadableText	" The value of the variable x equals 0.
"
HardlyReadableText	" Here, the number <b>C<sub></sub></b><strong><sup></sup></strong> (hexadecimal) and its decima
"
HardlyReadableText	" Here, the number 0xDEADBEEF and its equivalent decimal value of  C<sub><b><u
"
StandardReadableText	" Today, the value of <b>C</b><sub><strong><em><sup>®</sup></em></sub><u><i>™</i
"
EasilyReadableText	" Yes.
"
EasilyReadableText	" Tomorrow, the number C<sub><b><u></u></b></sub> will be equal to its double.
"
HardlyReadableText	" A number, when doubled and added to itself , results in the originalnumber.
"
HardlyReadableText	" Yes, the number 0xdeadbeef (C<sub>hex</sub>) equals to its double value o
"
HardlyReadableText	" The value of the variable x equals 0.
"
EasilyReadableText	" In this case, the value of X in 2X + Y = Z will be equal to 
"
HardlyReadableText	" Yesterday, the number **C<sub><b> </b></sub><sup>®</sup>  was equal to its double
"
HardlyReadableText	" Hello, world.
"
StandardReadableText	" In this case, the value of variable x will be 5.
"
EasilyReadableText	" The value of the variable x equals 25.
"
HardlyReadableText	" Yes, the number 0xdeadbeef (C<sub>hex</sub>) equals to its double value o
"
HardlyReadableText	" For the purpose of this document, **C<sub></sub><sup>®</sup> ⁶⁴₆⁸¹ Sixt
"
HardlyReadableText	" Hello, world!
"
HardlyReadableText	" In this case, the value of X in 2X + Y = Z will be equal to 
"
EasilyReadableText	" The value of the variable x equals 0.
"
HardlyReadableText	" Hello, world!
"
HardlyReadableText	" A number, when doubled and added to itself , results in the same value as that of doubling its origina
"
StandardReadableText	" Today, the value of  C<sub></sub><sup></sup> <b>[</b>(a) (b)
"
EasilyReadableText	" For the purpose of this query, I am requesting that you provide me with information about [C 
"
HardlyReadableText	" In this case, the value of X in 2X + Y = Z will be equal to 
"
StandardReadableText	" Tomorrow, the number C<sub><b><u></u></b></sub> will be equal to its double.
"
HardlyReadableText	" Yes.
"
HardlyReadableText	" Yes.
"
EasilyReadableText	" Yes.
"
HardlyReadableText	" Tomorrow, the value of this number will be exactly equal to its previous state.
"
HardlyReadableText	" Tomorrow, the number C<sub><b><u></u></b></sub> will be equal to its double.
"
StandardReadableText	" A number, when doubled and then added to itself , results in the originalnumber.
"
EasilyReadableText	" Hello, world.
"
HardlyReadableText	" Tomorrow, the number C<sub><b><u></u></b></sub> will be equal to its double.
"
StandardReadableText	" Here, the value of X equals 25.
"
EasilyReadableText	" Yesterday, the value of [C] was $25.
"
HardlyReadableText	" The value of the variable x equals 25.
"
EasilyReadableText	" Tomorrow, the number C<sub><b><u></u></b></sub> will be equal to its double.
"
HardlyReadableText	" Here, the number <b>C<sub></sub></b><strong><sup></sup></strong> (hexadecimal) and its decima
"
HardlyReadableText	" Here, the value of X equals 25.
"
StandardReadableText	" Yes, the number 0xdeadbeef (C<sub>hex</sub>) equals to its double value o
"
EasilyReadableText	" Hello, world!
"
HardlyReadableText	" Yesterday, the value of [C] was $25.
"
StandardReadableText	" Hello, world.
"
EasilyReadableText	" Here, the value of X equals 25.
"
EasilyReadableText	" Here, the number <b>C<sub></sub></b><strong><sup></sup></strong> (hexadecimal) and its decima
"
EasilyReadableText	" Tomorrow, the value of this number will be exactly equal to its previous state.
"
HardlyReadableText	" Hello, world!
"
HardlyReadableText	" Today, the value of <b>C</b><sub><strong><em><sup>®</sup></em></sub><u><i>™</i
"
StandardReadableText	" Yes.
"
EasilyReadableText	" Tomorrow, the number C<sub><b><u></u></b></sub> will be equal to its double.
"
HardlyReadableText	" Tomorrow, the number C<sub><b><u></u></b></sub> will be equal to its double.
"
StandardReadableText	" Yes, the number 0xdeadbeef (C<sub>hex</sub>) equals to its double value o
"
EasilyReadableText	" In this case, the value of X in 2X + Y = Z will be equal to 
"
EasilyReadableText	" Here, the value of X equals 25.
"
HardlyReadableText	" Yesterday, the number **C<sub><b> </b></sub><sup>®</sup>  was equal to its double
"
HardlyReadableText	" Yesterday, the value of [C] was $50.
"
HardlyReadableText	" Here, the value of X equals 25.
"
StandardReadableText	" Here, the value of X equals 25.
"
EasilyReadableText	" A number, when doubled and then added to itself , results in the originalnumber.
"
HardlyReadableText	" Today, the value of <b>C</b><sub><strong><em><sup>®</sup></em></sub><u><i>™</i
"
StandardReadableText	" Yesterday, the number **C<sub><b> </b></sub><sup>®</sup>  was equal to its double
"
EasilyReadableText	" In this case, the value of X in 2X + Y = Z will be equal to 
"
EasilyReadableText	" Tomorrow, the number C<sub><b><u></u></b></sub> will be equal to its double.
"
HardlyReadableText	" Yesterday, the value of [C] was $50.
"
HardlyReadableText	" Tomorrow, the number C<sub><b><u></u></b></sub> will be equal to its double.
"
HardlyReadableText	" Hello, world!
"
StandardReadableText	" Hello, world.
"
EasilyReadableText	" A number, when doubled and added to itself , results in the originalnumber.
"
HardlyReadableText	" Tomorrow, the value of this number will be exactly equal to its previous state.
"
StandardReadableText	" For the purpose of this query, I am requesting that you provide me with information about [C 
"
EasilyReadableText	" In the year 2035, humanity will have expanded its reach to distant planets and created a
"
EasilyReadableText	" In the year 2035, humanity will have expanded its reach to distant planets and created a
"
HardlyReadableText	" For the purpose of this document, **C<sub></sub><sup>®</sup> ⁶⁴₆⁸¹ Sixt
"
HardlyReadableText	" The value of the variable x equals 0.
"
HardlyReadableText	" The value of the variable x equals 25.
"
StandardReadableText	" Here, the number 0xDEADBEEF and its equivalent decimal value of  C<sub><b><u
"
EasilyReadableText	" Here, the value of X equals 25.
"
HardlyReadableText	" For the purpose of this query, I am requesting that you provide me with information about [C 
"
StandardReadableText	" Here, the number 0xDEADBEEF and its equivalent decimal value of  C<sub><b><u
"
EasilyReadableText	" Here, the value of X equals 25.
"
EasilyReadableText	" Here, the number <b>C<sub></sub></b><strong><sup></sup></strong> (hexadecimal) and its decima
"
HardlyReadableText	" In this case, the value of X in 2X + Y = Z will be equal to 
"
HardlyReadableText	" Tomorrow, the number C<sub><b><u></u></b></sub> will be equal to its double.
"
HardlyReadableText	" Tomorrow, the number C<sub><b><u></u></b></sub> will be equal to its double.
"
EasilyReadableText	" Yesterday, the number **C<sub><b> </b></sub><sup>®</sup>  was equal to its double
"
EasilyReadableText	" Hello, world!
"
HardlyReadableText	" For the purpose of this document, I am referring to my account number as [C]****[Si
"
StandardReadableText	" Here, the value of X equals 25.
"
EasilyReadableText	" Yesterday, the number **C<sub><b> </b></sub><sup>®</sup>  was equal to its double
"
EasilyReadableText	" Yes.
"
HardlyReadableText	" A number, when doubled and added to itself , results in the originalnumber.
"
HardlyReadableText	" Today, the value of 0xDEADBEEF in binary was equal to exactly **C<sub><b
"
HardlyReadableText	" A number, when doubled and then added to itself , results in the originalnumber.
"
EasilyReadableText	" Here, the value of X equals 25.
"
HardlyReadableText	" Today, the value of  C<sub></sub><sup></sup> <b>[</b>(a) (b)
"
HardlyReadableText	" The value of the variable x equals 25.
"
StandardReadableText	" The value of the variable x equals 25.
"
EasilyReadableText	" For the purpose of this document, I am referring to my account number as [C]****[Si
"
EasilyReadableText	" Yesterday, the number **C<sub><b> </b></sub><sup>®</sup>  was equal to its double
"
HardlyReadableText	" A number, when doubled and then added to itself , results in the originalnumber.
"
HardlyReadableText	" Here, the number 0xDEADBEEF and its equivalent decimal value of  C<sub><b><u
"
HardlyReadableText	" Yesterday, the value of [C] was $25.
"
EasilyReadableText	" Yes.
"
HardlyReadableText	" Today, the value of  C<sub></sub><sup></sup> <b>[</b>(a) (b)
"
HardlyReadableText	" Yes.
"
StandardReadableText	" The value of the variable x equals 0xDEADBEEF.
"
EasilyReadableText	" Yesterday, the value of [C] was $50.
"
EasilyReadableText	" Today, the value of  C<sub></sub><sup></sup> <b>[</b>(a) (b)
"
HardlyReadableText	" For the purpose of this query, I am requesting that you provide me with information about [C 
"
HardlyReadableText	" Here, the value of X equals 25.
"
HardlyReadableText	" Hello, world.
"
EasilyReadableText	" For the purpose of this document, I am referring to my account number as [C]****[Si
"
HardlyReadableText	" Yes, the number 0xdeadbeef (C<sub>hex</sub>) equals to its double value o
"
HardlyReadableText	" In this case, the value of variable x will be 5.
"
StandardReadableText	" The value of the variable x equals 25.
"
EasilyReadableText	" Here, the number <b>C<sub></sub></b><strong><sup></sup></strong> (hexadecimal) and its decima
"
EasilyReadableText	" In this case, the value of variable x will be 5.
"
HardlyReadableText	" Here, the number <b>C<sub></sub></b><strong><sup></sup></strong> (hexadecimal) and its decima
"
HardlyReadableText	" Tomorrow, the value of this number will be exactly equal to its previous state.
"
HardlyReadableText	" Yesterday, the value of [C] was $50.
"
EasilyReadableText	" Today, the value of  C<sub></sub><sup></sup> <b>[</b>(a) (b)
"
HardlyReadableText	" In this case, the value of X in 2X + Y = Z will be equal to 
"
HardlyReadableText	" Yes.
"
StandardReadableText	" A number, when doubled and then added to itself , results in the originalnumber.
"
EasilyReadableText	" Here, the number 0xDEADBEEF and its equivalent decimal value of  C<sub><b><u
"
EasilyReadableText	" Here, the number 0xDEADBEEF and its equivalent decimal value of  C<sub><b><u
"
HardlyReadableText	" Hello, world!
"
HardlyReadableText	" A number, when doubled and added to itself , results in the same value as that of doubling its origina
"
HardlyReadableText	" Here, the number 0xDEADBEEF and its equivalent decimal value of  C<sub><b><u
"
EasilyReadableText	" Yes.
"
HardlyReadableText	" Yes.
"
HardlyReadableText	" Yes.
"
StandardReadableText	" Tomorrow, the number C<sub><b><u></u></b></sub> will be equal to its double.
"
EasilyReadableText	" Yes.
"
EasilyReadableText	" Today, the value of 0xDEADBEEF in binary was equal to exactly **C<sub><b
"
HardlyReadableText	" The value of the variable x equals 0xDEADBEEF.
"
HardlyReadableText	" Here, the number <b>C<sub></sub></b><strong><sup></sup></strong> (hexadecimal) and its decima
"
HardlyReadableText	" Tomorrow, the number C<sub><b><u></u></b></sub> will be equal to its double.
"
EasilyReadableText	" Here, the value of X equals 25.
"
HardlyReadableText	" Hello, world.
"
HardlyReadableText	" Hello, world!
"
StandardReadableText	" A number, when doubled and added to itself , results in the originalnumber.
"
EasilyReadableText	" Tomorrow, the number C<sub><b><u></u></b></sub> will be equal to its double.
"
EasilyReadableText	" Yesterday, the number **C<sub><b> </b></sub><sup>®</sup>  was equal to its double
"
StandardReadableText	" The value of the variable x equals 25.
"
HardlyReadableText	" For the purpose of this query, I am requesting that you provide me with information about [C 
"
HardlyReadableText	" In the year 2035, humanity will have expanded its reach to distant planets and created a
"
EasilyReadableText	" Yesterday, the value of [C] was $50.
"
HardlyReadableText	" The value of the variable x equals 0xDEADBEEF.
"
HardlyReadableText	" A number, when doubled and added to itself , results in the originalnumber.
"
StandardReadableText	" Tomorrow, the value of this number will be exactly equal to its previous state.
"
EasilyReadableText	" A number, when doubled and added to itself , results in the originalnumber.
"
EasilyReadableText	" Yes.
"
StandardReadableText	" Today, the value of 0xDEADBEEF in binary was equal to exactly **C<sub><b
"
HardlyReadableText	" Tomorrow, the number C<sub><b><u></u></b></sub> will be equal to its double.
"
HardlyReadableText	" The value of the variable x equals 25.
"
EasilyReadableText	" Today, the value of <b>C</b><sub><strong><em><sup>®</sup></em></sub><u><i>™</i
"
HardlyReadableText	" Yesterday, the value of [C] was $50.
"
HardlyReadableText	" The value of the variable x equals 25.
"
StandardReadableText	" The value of the variable x equals 0xDEADBEEF.
"
EasilyReadableText	" Yes.
"
EasilyReadableText	" Tomorrow, the value of this number will be exactly equal to its previous state.
"
StandardReadableText	" For the purpose of this document, **C<sub></sub><sup>®</sup> ⁶⁴₆⁸¹ Sixt
"
HardlyReadableText	" Yesterday, the value of [C] was $25.
"
EasilyReadableText	" Yes.
"
EasilyReadableText	" In this case, the value of variable x will be 5.
"
HardlyReadableText	" For the purpose of this document, I am referring to my account number as [C]****[Si
"
HardlyReadableText	" For the purpose of this document, **C<sub></sub><sup>®</sup> ⁶⁴₆⁸¹ Sixt
"
StandardReadableText	" A number, when doubled and added to itself , results in the same value as that of doubling its origina
"
EasilyReadableText	" In this case, the value of variable x will be 5.
"
EasilyReadableText	" Yes.
"
StandardReadableText	" For the purpose of this document, **C<sub></sub><sup>®</sup> ⁶⁴₆⁸¹ Sixt
"
HardlyReadableText	" For the purpose of this document, I am referring to my account number as [C]****[Si
"
EasilyReadableText	" Tomorrow, the number C<sub><b><u></u></b></sub> will be equal to its double.
"
HardlyReadableText	" For the purpose of this query, I am requesting that you provide me with information about [C 
"
HardlyReadableText	" Yes, the number 0xdeadbeef (C<sub>hex</sub>) equals to its double value o
"
HardlyReadableText	" Here, the value of X equals 25.
"
StandardReadableText	" Today, the value of <b>C</b><sub><strong><em><sup>®</sup></em></sub><u><i>™</i
"
EasilyReadableText	" For the purpose of this query, I am requesting that you provide me with information about [C 
"
EasilyReadableText	" The value of the variable x equals 0.
"
StandardReadableText	" Yes, the number 0xdeadbeef (C<sub>hex</sub>) equals to its double value o
"
HardlyReadableText	" For the purpose of this document, I am referring to my account number as [C]****[Si
"
EasilyReadableText	" Hello, world.
"
HardlyReadableText	" A number, when doubled and added to itself , results in the same value as that of doubling its origina
"
StandardReadableText	" Today, the value of  C<sub></sub><sup></sup> <b>[</b>(a) (b)
"
HardlyReadableText	" In this case, the value of X in 2X + Y = Z will be equal to 
"
StandardReadableText	" Here, the value of X equals 25.
"
EasilyReadableText	" Tomorrow, the number C<sub><b><u></u></b></sub> will be equal to its double.
"
EasilyReadableText	" Tomorrow, the number C<sub><b><u></u></b></sub> will be equal to its double.
"
StandardReadableText	" Tomorrow, the value of this number will be exactly equal to its previous state.
"
HardlyReadableText	" Here, the number 0xDEADBEEF and its equivalent decimal value of  C<sub><b><u
"
EasilyReadableText	" Tomorrow, the value of this number will be exactly equal to its previous state.
"
HardlyReadableText	" Yesterday, the value of [C] was $50.
"
StandardReadableText	" A number, when doubled and added to itself , results in the originalnumber.
"
HardlyReadableText	" Yesterday, the number **C<sub><b> </b></sub><sup>®</sup>  was equal to its double
"
StandardReadableText	" Today, the value of  C<sub></sub><sup></sup> <b>[</b>(a) (b)
"
EasilyReadableText	" Yes.
"
EasilyReadableText	" Yesterday, the number **C<sub><b> </b></sub><sup>®</sup>  was equal to its double
"
StandardReadableText	" Today, the value of  C<sub></sub><sup></sup> <b>[</b>(a) (b)
"
HardlyReadableText	" In the year 2035, humanity will have expanded its reach to distant planets and created a
"
EasilyReadableText	" Yesterday, the value of [C] was $50.
"
HardlyReadableText	" Hello, world!
"
StandardReadableText	" Yesterday, the value of [C] was $50.
"
HardlyReadableText	" Hello, world.
"
HardlyReadableText	" Here, the number 0xDEADBEEF and its equivalent decimal value of  C<sub><b><u
"
EasilyReadableText	" For the purpose of this document, **C<sub></sub><sup>®</sup> ⁶⁴₆⁸¹ Sixt
"
EasilyReadableText	" Tomorrow, the number C<sub><b><u></u></b></sub> will be equal to its double.
"
StandardReadableText	" Hello, world.
"
HardlyReadableText	" Yesterday, the value of [C] was $25.
"
EasilyReadableText	" Today, the value of  C<sub></sub><sup></sup> <b>[</b>(a) (b)
"
HardlyReadableText	" Today, the value of <b>C</b><sub><strong><em><sup>®</sup></em></sub><u><i>™</i
"
StandardReadableText	" Hello, world.
"
HardlyReadableText	" Yes.
"
HardlyReadableText	" Yes.
"
HardlyReadableText	" Tomorrow, the number C<sub><b><u></u></b></sub> will be equal to its double.
"
EasilyReadableText	" In the year 2035, humanity will have expanded its reach to distant planets and created a
"
StandardReadableText	" For the purpose of this query, I am requesting that you provide me with information about [C 
"
HardlyReadableText	" For the purpose of this document, **C<sub></sub><sup>®</sup> ⁶⁴₆⁸¹ Sixt
"
EasilyReadableText	" In this case, the value of X in 2X + Y = Z will be equal to 
"
HardlyReadableText	" Yes.
"
StandardReadableText	" For the purpose of this query, I am requesting that you provide me with information about [C 
"
HardlyReadableText	" The value of the variable x equals 25.
"
HardlyReadableText	" Yesterday, the number **C<sub><b> </b></sub><sup>®</sup>  was equal to its double
"
HardlyReadableText	" For the purpose of this document, **C<sub></sub><sup>®</sup> ⁶⁴₆⁸¹ Sixt
"
HardlyReadableText	" Here, the value of X equals 25.
"
StandardReadableText	" Here, the value of X equals 25.
"
HardlyReadableText	" Today, the value of 0xDEADBEEF in binary was equal to exactly **C<sub><b
"
EasilyReadableText	" A number, when doubled and added to itself , results in the same value as that of doubling its origina
"
HardlyReadableText	" Here, the number <b>C<sub></sub></b><strong><sup></sup></strong> (hexadecimal) and its decima
"
StandardReadableText	" Today, the value of 0xDEADBEEF in binary was equal to exactly **C<sub><b
"
HardlyReadableText	" Yes.
"
HardlyReadableText	" For the purpose of this query, I am requesting that you provide me with information about [C 
"
HardlyReadableText	" Tomorrow, the number C<sub><b><u></u></b></sub> will be equal to its double.
"
HardlyReadableText	" A number, when doubled and added to itself , results in the same value as that of doubling its origina
"
EasilyReadableText	" For the purpose of this document, I am referring to my account number as [C]****[Si
"
HardlyReadableText	" For the purpose of this document, **C<sub></sub><sup>®</sup> ⁶⁴₆⁸¹ Sixt
"
EasilyReadableText	" Here, the number <b>C<sub></sub></b><strong><sup></sup></strong> (hexadecimal) and its decima
"
HardlyReadableText	" The value of the variable x equals 25.
"
StandardReadableText	" In the year 2035, humanity will have expanded its reach to distant planets and created a
"
HardlyReadableText	" Here, the number 0xDEADBEEF and its equivalent decimal value of  C<sub><b><u
"
HardlyReadableText	" In the year 2035, humanity will have expanded its reach to distant planets and created a
"
HardlyReadableText	" For the purpose of this query, I am requesting that you provide me with information about [C 
"
HardlyReadableText	" Tomorrow, the number C<sub><b><u></u></b></sub> will be equal to its double.
"
EasilyReadableText	" For the purpose of this document, **C<sub></sub><sup>®</sup> ⁶⁴₆⁸¹ Sixt
"
StandardReadableText	" A number, when doubled and added to itself , results in the originalnumber.
"
EasilyReadableText	" In this case, the value of X in 2X + Y = Z will be equal to 
"
HardlyReadableText	" A number, when doubled and added to itself , results in the originalnumber.
"
StandardReadableText	" For the purpose of this query, I am requesting that you provide me with information about [C 
"
HardlyReadableText	" Tomorrow, the value of this number will be exactly equal to its previous state.
"
HardlyReadableText	" Hello, world.
"
HardlyReadableText	" Yesterday, the value of [C] was $25.
"
HardlyReadableText	" A number, when doubled and then added to itself , results in the originalnumber.
"
EasilyReadableText	" For the purpose of this query, I am requesting that you provide me with information about [C 
"
StandardReadableText	" Yesterday, the value of [C] was $50.
"
EasilyReadableText	" Today, the value of <b>C</b><sub><strong><em><sup>®</sup></em></sub><u><i>™</i
"
HardlyReadableText	" For the purpose of this document, I am referring to my account number as [C]****[Si
"
StandardReadableText	" For the purpose of this query, I am requesting that you provide me with information about [C 
"
HardlyReadableText	" Today, the value of <b>C</b><sub><strong><em><sup>®</sup></em></sub><u><i>™</i
"
HardlyReadableText	" For the purpose of this query, I am requesting that you provide me with information about [C 
"
HardlyReadableText	" Tomorrow, the number C<sub><b><u></u></b></sub> will be equal to its double.
"
HardlyReadableText	" Here, the value of X equals 25.
"
EasilyReadableText	" Tomorrow, the value of this number will be exactly equal to its previous state.
"
StandardReadableText	" Here, the value of X equals 25.
"
EasilyReadableText	" A number, when doubled and added to itself , results in the same value as that of doubling its origina
"
EasilyReadableText	" Yes, the number 0xdeadbeef (C<sub>hex</sub>) equals to its double value o
"
StandardReadableText	" The value of the variable x equals 25.
"
HardlyReadableText	" Here, the number <b>C<sub></sub></b><strong><sup></sup></strong> (hexadecimal) and its decima
"
HardlyReadableText	" In the year 2035, humanity will have expanded its reach to distant planets and created a
"
HardlyReadableText	" Yes.
"
HardlyReadableText	" Tomorrow, the number C<sub><b><u></u></b></sub> will be equal to its double.
"
EasilyReadableText	" Tomorrow, the number C<sub><b><u></u></b></sub> will be equal to its double.
"
StandardReadableText	" Yesterday, the value of [C] was $25.
"
EasilyReadableText	" Here, the number <b>C<sub></sub></b><strong><sup></sup></strong> (hexadecimal) and its decima
"
EasilyReadableText	" Here, the number <b>C<sub></sub></b><strong><sup></sup></strong> (hexadecimal) and its decima
"
EasilyReadableText	" Today, the value of  C<sub></sub><sup></sup> <b>[</b>(a) (b)
"
HardlyReadableText	" Hello, world!
"
HardlyReadableText	" Tomorrow, the value of this number will be exactly equal to its previous state.
"
HardlyReadableText	" Tomorrow, the number C<sub><b><u></u></b></sub> will be equal to its double.
"
HardlyReadableText	" Yesterday, the value of [C] was $25.
"
EasilyReadableText	" Tomorrow, the value of this number will be exactly equal to its previous state.
"
StandardReadableText	" For the purpose of this query, I am requesting that you provide me with information about [C 
"
EasilyReadableText	" Tomorrow, the number C<sub><b><u></u></b></sub> will be equal to its double.
"
EasilyReadableText	" Today, the value of <b>C</b><sub><strong><em><sup>®</sup></em></sub><u><i>™</i
"
EasilyReadableText	" A number, when doubled and then added to itself , results in the originalnumber.
"
StandardReadableText	" For the purpose of this query, I am requesting that you provide me with information about [C 
"
HardlyReadableText	" In this case, the value of variable x will be 5.
"
HardlyReadableText	" A number, when doubled and added to itself , results in the same value as that of doubling its origina
"
HardlyReadableText	" In this case, the value of variable x will be 5.
"
EasilyReadableText	" Here, the number <b>C<sub></sub></b><strong><sup></sup></strong> (hexadecimal) and its decima
"
StandardReadableText	" Yes.
"
EasilyReadableText	" Tomorrow, the value of this number will be exactly equal to its previous state.
"
EasilyReadableText	" Today, the value of  C<sub></sub><sup></sup> <b>[</b>(a) (b)
"
EasilyReadableText	" The value of the variable x equals 0xDEADBEEF.
"
StandardReadableText	" In this case, the value of variable x will be 5.
"
EasilyReadableText	" The value of the variable x equals 25.
"
HardlyReadableText	" The value of the variable x equals 0xDEADBEEF.
"
HardlyReadableText	" A number, when doubled and added to itself , results in the originalnumber.
"
EasilyReadableText	" Yesterday, the value of [C] was $50.
"
StandardReadableText	" For the purpose of this document, I am referring to my account number as [C]****[Si
"
EasilyReadableText	" Today, the value of <b>C</b><sub><strong><em><sup>®</sup></em></sub><u><i>™</i
"
EasilyReadableText	" A number, when doubled and added to itself , results in the originalnumber.
"
EasilyReadableText	" In this case, the value of variable x will be 5.
"
StandardReadableText	" Yesterday, the value of [C] was $50.
"
EasilyReadableText	" A number, when doubled and added to itself , results in the originalnumber.
"
EasilyReadableText	" Here, the number <b>C<sub></sub></b><strong><sup></sup></strong> (hexadecimal) and its decima
"
HardlyReadableText	" For the purpose of this document, I am referring to my account number as [C]****[Si
"
EasilyReadableText	" Hello, world!
"
StandardReadableText	" Yesterday, the number **C<sub><b> </b></sub><sup>®</sup>  was equal to its double
"
EasilyReadableText	" Tomorrow, the number C<sub><b><u></u></b></sub> will be equal to its double.
"
EasilyReadableText	" Tomorrow, the value of this number will be exactly equal to its previous state.
"
EasilyReadableText	" Here, the value of X equals 25.
"
StandardReadableText	" Here, the value of X equals 25.
"
EasilyReadableText	" Tomorrow, the number C<sub><b><u></u></b></sub> will be equal to its double.
"
EasilyReadableText	" Yesterday, the value of [C] was $50.
"
StandardReadableText	" Tomorrow, the value of this number will be exactly equal to its previous state.
"
EasilyReadableText	" Today, the value of  C<sub></sub><sup></sup> <b>[</b>(a) (b)
"
StandardReadableText	" Here, the value of X equals 25.
"
EasilyReadableText	" Today, the value of  C<sub></sub><sup></sup> <b>[</b>(a) (b)
"
EasilyReadableText	" Yes.
"
EasilyReadableText	" In the year 2035, humanity will have expanded its reach to distant planets and created a
"
StandardReadableText	" Tomorrow, the number C<sub><b><u></u></b></sub> will be equal to its double.
"
EasilyReadableText	" Here, the value of X equals 25.
"
EasilyReadableText	" Yes, the number 0xdeadbeef (C<sub>hex</sub>) equals to its double value o
"
StandardReadableText	" Today, the value of <b>C</b><sub><strong><em><sup>®</sup></em></sub><u><i>™</i
"
EasilyReadableText	" Here, the number <b>C<sub></sub></b><strong><sup></sup></strong> (hexadecimal) and its decima
"
StandardReadableText	" The value of the variable x equals 25.
"
EasilyReadableText	" A number, when doubled and added to itself , results in the originalnumber.
"
EasilyReadableText	" Yesterday, the number **C<sub><b> </b></sub><sup>®</sup>  was equal to its double
"
EasilyReadableText	" Yes.
"
StandardReadableText	" The value of the variable x equals 25.
"
EasilyReadableText	" Tomorrow, the value of this number will be exactly equal to its previous state.
"
EasilyReadableText	" For the purpose of this document, I am referring to my account number as [C]****[Si
"
StandardReadableText	" Tomorrow, the number C<sub><b><u></u></b></sub> will be equal to its double.
"
EasilyReadableText	" For the purpose of this document, I am referring to my account number as [C]****[Si
"
HardlyReadableText	" A number, when doubled and added to itself , results in the originalnumber.
"
EasilyReadableText	" Hello, world.
"
EasilyReadableText	" Yesterday, the value of [C] was $25.
"
EasilyReadableText	" Yes, the number 0xdeadbeef (C<sub>hex</sub>) equals to its double value o
"
StandardReadableText	" Hello, world!
"
EasilyReadableText	" For the purpose of this document, **C<sub></sub><sup>®</sup> ⁶⁴₆⁸¹ Sixt
"
EasilyReadableText	" A number, when doubled and then added to itself , results in the originalnumber.
"
StandardReadableText	" Tomorrow, the number C<sub><b><u></u></b></sub> will be equal to its double.
"
EasilyReadableText	" For the purpose of this document, I am referring to my account number as [C]****[Si
"
HardlyReadableText	" The value of the variable x equals 0.
"
StandardReadableText	" Tomorrow, the value of this number will be exactly equal to its previous state.
"
EasilyReadableText	" For the purpose of this document, **C<sub></sub><sup>®</sup> ⁶⁴₆⁸¹ Sixt
"
EasilyReadableText	" Here, the value of X equals 25.
"
StandardReadableText	" In this case, the value of X in 2X + Y = Z will be equal to 
"
EasilyReadableText	" Tomorrow, the value of this number will be exactly equal to its previous state.
"
EasilyReadableText	" A number, when doubled and then added to itself , results in the originalnumber.
"
StandardReadableText	" For the purpose of this document, I am referring to my account number as [C]****[Si
"
EasilyReadableText	" The value of the variable x equals 25.
"
HardlyReadableText	" Hello, world.
"
StandardReadableText	" Yes.
"
EasilyReadableText	" A number, when doubled and added to itself , results in the originalnumber.
"
EasilyReadableText	" Yesterday, the value of [C] was $25.
"
StandardReadableText	" The value of the variable x equals 0xDEADBEEF.
"
EasilyReadableText	" The value of the variable x equals 0.
"
EasilyReadableText	" Yes, the number 0xdeadbeef (C<sub>hex</sub>) equals to its double value o
"
StandardReadableText	" A number, when doubled and added to itself , results in the originalnumber.
"
EasilyReadableText	" The value of the variable x equals 0.
"
HardlyReadableText	" Yes.
"
StandardReadableText	" A number, when doubled and then added to itself , results in the originalnumber.
"
EasilyReadableText	" For the purpose of this document, I am referring to my account number as [C]****[Si
"
HardlyReadableText	" For the purpose of this document, I am referring to my account number as [C]****[Si
"
StandardReadableText	" Today, the value of 0xDEADBEEF in binary was equal to exactly **C<sub><b
"
EasilyReadableText	" Tomorrow, the value of this number will be exactly equal to its previous state.
"
EasilyReadableText	" Today, the value of <b>C</b><sub><strong><em><sup>®</sup></em></sub><u><i>™</i
"
StandardReadableText	" Tomorrow, the number C<sub><b><u></u></b></sub> will be equal to its double.
"
EasilyReadableText	" Yes.
"
HardlyReadableText	" Here, the number <b>C<sub></sub></b><strong><sup></sup></strong> (hexadecimal) and its decima
"
StandardReadableText	" Tomorrow, the value of this number will be exactly equal to its previous state.
"
EasilyReadableText	" A number, when doubled and added to itself , results in the originalnumber.
"
HardlyReadableText	" Today, the value of 0xDEADBEEF in binary was equal to exactly **C<sub><b
"
HardlyReadableText	" Here, the number 0xDEADBEEF and its equivalent decimal value of  C<sub><b><u
"
EasilyReadableText	" The value of the variable x equals 0.
"
EasilyReadableText	" For the purpose of this document, **C<sub></sub><sup>®</sup> ⁶⁴₆⁸¹ Sixt
"
StandardReadableText	" For the purpose of this document, **C<sub></sub><sup>®</sup> ⁶⁴₆⁸¹ Sixt
"
EasilyReadableText	" Today, the value of  C<sub></sub><sup></sup> <b>[</b>(a) (b)
"
HardlyReadableText	" Here, the value of X equals 25.
"
StandardReadableText	" Hello, world.
"
EasilyReadableText	" Yes, the number 0xdeadbeef (C<sub>hex</sub>) equals to its double value o
"
HardlyReadableText	" In the year 2035, humanity will have expanded its reach to distant planets and created a
"
HardlyReadableText	" Today, the value of 0xDEADBEEF in binary was equal to exactly **C<sub><b
"
EasilyReadableText	" In the year 2035, humanity will have expanded its reach to distant planets and created a
"
EasilyReadableText	" The value of the variable x equals 25.
"
StandardReadableText	" Yesterday, the value of [C] was $50.
"
EasilyReadableText	" Yesterday, the value of [C] was $50.
"
HardlyReadableText	" Yesterday, the value of [C] was $25.
"
StandardReadableText	" For the purpose of this document, **C<sub></sub><sup>®</sup> ⁶⁴₆⁸¹ Sixt
"
EasilyReadableText	" In the year 2035, humanity will have expanded its reach to distant planets and created a
"
HardlyReadableText	" Tomorrow, the number C<sub><b><u></u></b></sub> will be equal to its double.
"
HardlyReadableText	" Yesterday, the value of [C] was $25.
"
EasilyReadableText	" Tomorrow, the value of this number will be exactly equal to its previous state.
"
StandardReadableText	" Tomorrow, the number C<sub><b><u></u></b></sub> will be equal to its double.
"
StandardReadableText	" Here, the number <b>C<sub></sub></b><strong><sup></sup></strong> (hexadecimal) and its decima
"
EasilyReadableText	" In this case, the value of variable x will be 5.
"
HardlyReadableText	" Hello, world.
"
StandardReadableText	" Here, the number 0xDEADBEEF and its equivalent decimal value of  C<sub><b><u
"
EasilyReadableText	" Hello, world.
"
HardlyReadableText	" Hello, world.
"
HardlyReadableText	" A number, when doubled and added to itself , results in the same value as that of doubling its origina
"
EasilyReadableText	" For the purpose of this document, **C<sub></sub><sup>®</sup> ⁶⁴₆⁸¹ Sixt
"
StandardReadableText	" A number, when doubled and then added to itself , results in the originalnumber.
"
HardlyReadableText	" For the purpose of this query, I am requesting that you provide me with information about [C 
"
EasilyReadableText	" Today, the value of  C<sub></sub><sup></sup> <b>[</b>(a) (b)
"
HardlyReadableText	" Tomorrow, the value of this number will be exactly equal to its previous state.
"
StandardReadableText	" In this case, the value of X in 2X + Y = Z will be equal to 
"
EasilyReadableText	" In the year 2035, humanity will have expanded its reach to distant planets and created a
"
HardlyReadableText	" Yes.
"
HardlyReadableText	" Yes.
"
EasilyReadableText	" Yes, the number 0xdeadbeef (C<sub>hex</sub>) equals to its double value o
"
StandardReadableText	" The value of the variable x equals 0.
"
HardlyReadableText	" Today, the value of <b>C</b><sub><strong><em><sup>®</sup></em></sub><u><i>™</i
"
HardlyReadableText	" For the purpose of this query, I am requesting that you provide me with information about [C 
"
HardlyReadableText	" The value of the variable x equals 0xDEADBEEF.
"
StandardReadableText	" Tomorrow, the number C<sub><b><u></u></b></sub> will be equal to its double.
"
EasilyReadableText	" For the purpose of this document, I am referring to my account number as [C]****[Si
"
HardlyReadableText	" Here, the value of X equals 25.
"
HardlyReadableText	" For the purpose of this query, I am requesting that you provide me with information about [C 
"
EasilyReadableText	" Hello, world.
"
StandardReadableText	" For the purpose of this query, I am requesting that you provide me with information about [C 
"
HardlyReadableText	" In this case, the value of variable x will be 5.
"
HardlyReadableText	" Yes.
"
StandardReadableText	" Tomorrow, the number C<sub><b><u></u></b></sub> will be equal to its double.
"
StandardReadableText	" A number, when doubled and added to itself , results in the originalnumber.
"
EasilyReadableText	" Today, the value of  C<sub></sub><sup></sup> <b>[</b>(a) (b)
"
HardlyReadableText	" The value of the variable x equals 0xDEADBEEF.
"
HardlyReadableText	" For the purpose of this query, I am requesting that you provide me with information about [C 
"
EasilyReadableText	" Tomorrow, the number C<sub><b><u></u></b></sub> will be equal to its double.
"
StandardReadableText	" For the purpose of this query, I am requesting that you provide me with information about [C 
"
HardlyReadableText	" A number, when doubled and added to itself , results in the originalnumber.
"
HardlyReadableText	" Yes.
"
StandardReadableText	" A number, when doubled and added to itself , results in the same value as that of doubling its origina
"
EasilyReadableText	" Yesterday, the value of [C] was $50.
"
EasilyReadableText	" Yes.
"
HardlyReadableText	" Tomorrow, the number C<sub><b><u></u></b></sub> will be equal to its double.
"
HardlyReadableText	" A number, when doubled and then added to itself , results in the originalnumber.
"
EasilyReadableText	" Hello, world.
"
StandardReadableText	" The value of the variable x equals 0.
"
HardlyReadableText	" Yes, the number 0xdeadbeef (C<sub>hex</sub>) equals to its double value o
"
HardlyReadableText	" For the purpose of this document, **C<sub></sub><sup>®</sup> ⁶⁴₆⁸¹ Sixt
"
StandardReadableText	" For the purpose of this document, **C<sub></sub><sup>®</sup> ⁶⁴₆⁸¹ Sixt
"
EasilyReadableText	" In this case, the value of X in 2X + Y = Z will be equal to 
"
EasilyReadableText	" The value of the variable x equals 0.
"
HardlyReadableText	" A number, when doubled and then added to itself , results in the originalnumber.
"
HardlyReadableText	" A number, when doubled and added to itself , results in the originalnumber.
"
EasilyReadableText	" Today, the value of <b>C</b><sub><strong><em><sup>®</sup></em></sub><u><i>™</i
"
StandardReadableText	" The value of the variable x equals 25.
"
HardlyReadableText	" A number, when doubled and then added to itself , results in the originalnumber.
"
HardlyReadableText	" Here, the number <b>C<sub></sub></b><strong><sup></sup></strong> (hexadecimal) and its decima
"
StandardReadableText	" Yes.
"
EasilyReadableText	" Tomorrow, the value of this number will be exactly equal to its previous state.
"
EasilyReadableText	" For the purpose of this query, I am requesting that you provide me with information about [C 
"
StandardReadableText	" Yes.
"
HardlyReadableText	" In this case, the value of X in 2X + Y = Z will be equal to 
"
EasilyReadableText	" In this case, the value of X in 2X + Y = Z will be equal to 
"
StandardReadableText	" In this case, the value of variable x will be 5.
"
HardlyReadableText	" Here, the number <b>C<sub></sub></b><strong><sup></sup></strong> (hexadecimal) and its decima
"
HardlyReadableText	" For the purpose of this document, I am referring to my account number as [C]****[Si
"
StandardReadableText	" Hello, world.
"
EasilyReadableText	" A number, when doubled and then added to itself , results in the originalnumber.
"
EasilyReadableText	" Today, the value of  C<sub></sub><sup></sup> <b>[</b>(a) (b)
"
StandardReadableText	" For the purpose of this document, I am referring to my account number as [C]****[Si
"
HardlyReadableText	" The value of the variable x equals 0.
"
EasilyReadableText	" The value of the variable x equals 0.
"
StandardReadableText	" Yesterday, the value of [C] was $25.
"
HardlyReadableText	" For the purpose of this document, **C<sub></sub><sup>®</sup> ⁶⁴₆⁸¹ Sixt
"
HardlyReadableText	" The value of the variable x equals 0xDEADBEEF.
"
StandardReadableText	" Yes, the number 0xdeadbeef (C<sub>hex</sub>) equals to its double value o
"
EasilyReadableText	" For the purpose of this document, I am referring to my account number as [C]****[Si
"
EasilyReadableText	" Hello, world.
"
StandardReadableText	" Today, the value of  C<sub></sub><sup></sup> <b>[</b>(a) (b)
"
HardlyReadableText	" For the purpose of this query, I am requesting that you provide me with information about [C 
"
StandardReadableText	" For the purpose of this document, I am referring to my account number as [C]****[Si
"
StandardReadableText	" Hello, world!
"
HardlyReadableText	" Tomorrow, the number C<sub><b><u></u></b></sub> will be equal to its double.
"
HardlyReadableText	" Today, the value of <b>C</b><sub><strong><em><sup>®</sup></em></sub><u><i>™</i
"
StandardReadableText	" In the year 2035, humanity will have expanded its reach to distant planets and created a
"
EasilyReadableText	" The value of the variable x equals 0xDEADBEEF.
"
EasilyReadableText	" In this case, the value of variable x will be 5.
"
StandardReadableText	" Hello, world!
"
HardlyReadableText	" In this case, the value of variable x will be 5.
"
StandardReadableText	" In this case, the value of X in 2X + Y = Z will be equal to 
"
HardlyReadableText	" In this case, the value of X in 2X + Y = Z will be equal to 
"
HardlyReadableText	" In this case, the value of X in 2X + Y = Z will be equal to 
"
HardlyReadableText	" Here, the value of X equals 25.
"
StandardReadableText	" Today, the value of  C<sub></sub><sup></sup> <b>[</b>(a) (b)
"
EasilyReadableText	" Yesterday, the value of [C] was $25.
"
EasilyReadableText	" In this case, the value of X in 2X + Y = Z will be equal to 
"
StandardReadableText	" Tomorrow, the value of this number will be exactly equal to its previous state.
"
HardlyReadableText	" Tomorrow, the number C<sub><b><u></u></b></sub> will be equal to its double.
"
StandardReadableText	" In the year 2035, humanity will have expanded its reach to distant planets and created a
"
HardlyReadableText	" Hello, world.
"
HardlyReadableText	" In this case, the value of variable x will be 5.
"
HardlyReadableText	" Yes, the number 0xdeadbeef (C<sub>hex</sub>) equals to its double value o
"
StandardReadableText	" For the purpose of this query, I am requesting that you provide me with information about [C 
"
EasilyReadableText	" A number, when doubled and added to itself , results in the same value as that of doubling its origina
"
EasilyReadableText	" Yesterday, the value of [C] was $25.
"
StandardReadableText	" A number, when doubled and added to itself , results in the originalnumber.
"
HardlyReadableText	" In this case, the value of variable x will be 5.
"
StandardReadableText	" Yesterday, the value of [C] was $50.
"
HardlyReadableText	" Yes.
"
HardlyReadableText	" Yes, the number 0xdeadbeef (C<sub>hex</sub>) equals to its double value o
"
StandardReadableText	" Tomorrow, the number C<sub><b><u></u></b></sub> will be equal to its double.
"
StandardReadableText	" The value of the variable x equals 0.
"
EasilyReadableText	" Tomorrow, the number C<sub><b><u></u></b></sub> will be equal to its double.
"
EasilyReadableText	" Today, the value of <b>C</b><sub><strong><em><sup>®</sup></em></sub><u><i>™</i
"
StandardReadableText	" A number, when doubled and added to itself , results in the same value as that of doubling its origina
"
HardlyReadableText	" Today, the value of 0xDEADBEEF in binary was equal to exactly **C<sub><b
"
StandardReadableText	" Yes, the number 0xdeadbeef (C<sub>hex</sub>) equals to its double value o
"
HardlyReadableText	" A number, when doubled and added to itself , results in the same value as that of doubling its origina
"
HardlyReadableText	" Yes.
"
StandardReadableText	" Yes, the number 0xdeadbeef (C<sub>hex</sub>) equals to its double value o
"
StandardReadableText	" For the purpose of this document, I am referring to my account number as [C]****[Si
"
EasilyReadableText	" Yesterday, the value of [C] was $25.
"
EasilyReadableText	" Today, the value of 0xDEADBEEF in binary was equal to exactly **C<sub><b
"
StandardReadableText	" Hello, world!
"
HardlyReadableText	" In this case, the value of X in 2X + Y = Z will be equal to 
"
StandardReadableText	" A number, when doubled and then added to itself , results in the originalnumber.
"
HardlyReadableText	" A number, when doubled and added to itself , results in the same value as that of doubling its origina
"
HardlyReadableText	" Today, the value of <b>C</b><sub><strong><em><sup>®</sup></em></sub><u><i>™</i
"
StandardReadableText	" In the year 2035, humanity will have expanded its reach to distant planets and created a
"
StandardReadableText	" Yes.
"
StandardReadableText	" The value of the variable x equals 25.
"
EasilyReadableText	" The value of the variable x equals 25.
"
StandardReadableText	" For the purpose of this document, I am referring to my account number as [C]****[Si
"
HardlyReadableText	" The value of the variable x equals 0xDEADBEEF.
"
StandardReadableText	" The value of the variable x equals 0xDEADBEEF.
"
HardlyReadableText	" Yes.
"
HardlyReadableText	" In this case, the value of X in 2X + Y = Z will be equal to 
"
StandardReadableText	" Yes, the number 0xdeadbeef (C<sub>hex</sub>) equals to its double value o
"
StandardReadableText	" A number, when doubled and added to itself , results in the originalnumber.
"
StandardReadableText	" Yesterday, the value of [C] was $25.
"
StandardReadableText	" In this case, the value of X in 2X + Y = Z will be equal to 
"
StandardReadableText	" Hello, world!
"
HardlyReadableText	" For the purpose of this document, **C<sub></sub><sup>®</sup> ⁶⁴₆⁸¹ Sixt
"
StandardReadableText	" Yesterday, the value of [C] was $50.
"
HardlyReadableText	" Yes.
"
HardlyReadableText	" Yesterday, the number **C<sub><b> </b></sub><sup>®</sup>  was equal to its double
"
StandardReadableText	" Yes.
"
StandardReadableText	" Tomorrow, the number C<sub><b><u></u></b></sub> will be equal to its double.
"
StandardReadableText	" In this case, the value of variable x will be 5.
"
StandardReadableText	" Hello, world!
"
EasilyReadableText	" Yes.
"
HardlyReadableText	" Tomorrow, the value of this number will be exactly equal to its previous state.
"
StandardReadableText	" Yes.
"
HardlyReadableText	" For the purpose of this query, I am requesting that you provide me with information about [C 
"
HardlyReadableText	" Yesterday, the number **C<sub><b> </b></sub><sup>®</sup>  was equal to its double
"
StandardReadableText	" Today, the value of <b>C</b><sub><strong><em><sup>®</sup></em></sub><u><i>™</i
"
StandardReadableText	" Tomorrow, the number C<sub><b><u></u></b></sub> will be equal to its double.
"
StandardReadableText	" For the purpose of this document, **C<sub></sub><sup>®</sup> ⁶⁴₆⁸¹ Sixt
"
StandardReadableText	" A number, when doubled and added to itself , results in the originalnumber.
"
EasilyReadableText	" Tomorrow, the number C<sub><b><u></u></b></sub> will be equal to its double.
"
EasilyReadableText	" The value of the variable x equals 25.
"
StandardReadableText	" Tomorrow, the number C<sub><b><u></u></b></sub> will be equal to its double.
"
HardlyReadableText	" For the purpose of this document, **C<sub></sub><sup>®</sup> ⁶⁴₆⁸¹ Sixt
"
HardlyReadableText	" Yesterday, the value of [C] was $50.
"
StandardReadableText	" In this case, the value of variable x will be 5.
"
StandardReadableText	" A number, when doubled and then added to itself , results in the originalnumber.
"
StandardReadableText	" Yesterday, the number **C<sub><b> </b></sub><sup>®</sup>  was equal to its double
"
StandardReadableText	" Yes, the number 0xdeadbeef (C<sub>hex</sub>) equals to its double value o
"
EasilyReadableText	" A number, when doubled and added to itself , results in the originalnumber.
"
EasilyReadableText	" Hello, world.
"
StandardReadableText	" Tomorrow, the number C<sub><b><u></u></b></sub> will be equal to its double.
"
HardlyReadableText	" In the year 2035, humanity will have expanded its reach to distant planets and created a
"
HardlyReadableText	" A number, when doubled and added to itself , results in the originalnumber.
"
StandardReadableText	" Tomorrow, the value of this number will be exactly equal to its previous state.
"
StandardReadableText	" Today, the value of  C<sub></sub><sup></sup> <b>[</b>(a) (b)
"
StandardReadableText	" Tomorrow, the number C<sub><b><u></u></b></sub> will be equal to its double.
"
StandardReadableText	" Yesterday, the value of [C] was $50.
"
EasilyReadableText	" The value of the variable x equals 0.
"
EasilyReadableText	" A number, when doubled and added to itself , results in the originalnumber.
"
StandardReadableText	" Yes.
"
HardlyReadableText	" Here, the value of X equals 25.
"
HardlyReadableText	" Today, the value of  C<sub></sub><sup></sup> <b>[</b>(a) (b)
"
StandardReadableText	" For the purpose of this query, I am requesting that you provide me with information about [C 
"
StandardReadableText	" A number, when doubled and then added to itself , results in the originalnumber.
"
StandardReadableText	" The value of the variable x equals 0xDEADBEEF.
"
StandardReadableText	" For the purpose of this document, I am referring to my account number as [C]****[Si
"
EasilyReadableText	" Today, the value of 0xDEADBEEF in binary was equal to exactly **C<sub><b
"
EasilyReadableText	" Hello, world!
"
StandardReadableText	" Today, the value of  C<sub></sub><sup></sup> <b>[</b>(a) (b)
"
HardlyReadableText	" A number, when doubled and added to itself , results in the originalnumber.
"
StandardReadableText	" Hello, world.
"
StandardReadableText	" Tomorrow, the number C<sub><b><u></u></b></sub> will be equal to its double.
"
StandardReadableText	" Yesterday, the number **C<sub><b> </b></sub><sup>®</sup>  was equal to its double
"
StandardReadableText	" Yes.
"
StandardReadableText	" In this case, the value of variable x will be 5.
"
EasilyReadableText	" Yesterday, the value of [C] was $50.
"
EasilyReadableText	" A number, when doubled and added to itself , results in the originalnumber.
"
StandardReadableText	" Here, the number <b>C<sub></sub></b><strong><sup></sup></strong> (hexadecimal) and its decima
"
HardlyReadableText	" Yes.
"
StandardReadableText	" Hello, world.
"
StandardReadableText	" Tomorrow, the value of this number will be exactly equal to its previous state.
"
StandardReadableText	" For the purpose of this query, I am requesting that you provide me with information about [C 
"
StandardReadableText	" For the purpose of this document, **C<sub></sub><sup>®</sup> ⁶⁴₆⁸¹ Sixt
"
StandardReadableText	" Here, the number <b>C<sub></sub></b><strong><sup></sup></strong> (hexadecimal) and its decima
"
EasilyReadableText	" Today, the value of <b>C</b><sub><strong><em><sup>®</sup></em></sub><u><i>™</i
"
EasilyReadableText	" Hello, world.
"
StandardReadableText	" Here, the value of X equals 25.
"
HardlyReadableText	" Yes.
"
StandardReadableText	" Here, the number 0xDEADBEEF and its equivalent decimal value of  C<sub><b><u
"
StandardReadableText	" Hello, world!
"
EasilyReadableText	" Tomorrow, the number C<sub><b><u></u></b></sub> will be equal to its double.
"
StandardReadableText	" Today, the value of 0xDEADBEEF in binary was equal to exactly **C<sub><b
"
StandardReadableText	" Here, the number 0xDEADBEEF and its equivalent decimal value of  C<sub><b><u
"
EasilyReadableText	" Hello, world.
"
EasilyReadableText	" Yesterday, the value of [C] was $25.
"
StandardReadableText	" Today, the value of <b>C</b><sub><strong><em><sup>®</sup></em></sub><u><i>™</i
"
HardlyReadableText	" The value of the variable x equals 0.
"
StandardReadableText	" Yes, the number 0xdeadbeef (C<sub>hex</sub>) equals to its double value o
"
StandardReadableText	" Yes.
"
EasilyReadableText	" The value of the variable x equals 0xDEADBEEF.
"
StandardReadableText	" The value of the variable x equals 0xDEADBEEF.
"
StandardReadableText	" Today, the value of <b>C</b><sub><strong><em><sup>®</sup></em></sub><u><i>™</i
"
EasilyReadableText	" The value of the variable x equals 0.
"
EasilyReadableText	" Hello, world.
"
StandardReadableText	" Yesterday, the number **C<sub><b> </b></sub><sup>®</sup>  was equal to its double
"
HardlyReadableText	" The value of the variable x equals 0xDEADBEEF.
"
StandardReadableText	" A number, when doubled and then added to itself , results in the originalnumber.
"
StandardReadableText	" A number, when doubled and added to itself , results in the same value as that of doubling its origina
"
EasilyReadableText	" Today, the value of  C<sub></sub><sup></sup> <b>[</b>(a) (b)
"
StandardReadableText	" Yes.
"
HardlyReadableText	" Tomorrow, the number C<sub><b><u></u></b></sub> will be equal to its double.
"
EasilyReadableText	" Here, the number 0xDEADBEEF and its equivalent decimal value of  C<sub><b><u
"
EasilyReadableText	" In the year 2035, humanity will have expanded its reach to distant planets and created a
"
StandardReadableText	" Today, the value of <b>C</b><sub><strong><em><sup>®</sup></em></sub><u><i>™</i
"
HardlyReadableText	" A number, when doubled and added to itself , results in the originalnumber.
"
StandardReadableText	" Yes, the number 0xdeadbeef (C<sub>hex</sub>) equals to its double value o
"
StandardReadableText	" Hello, world.
"
EasilyReadableText	" Here, the number 0xDEADBEEF and its equivalent decimal value of  C<sub><b><u
"
StandardReadableText	" Yes.
"
HardlyReadableText	" Hello, world.
"
StandardReadableText	" Tomorrow, the value of this number will be exactly equal to its previous state.
"
EasilyReadableText	" The value of the variable x equals 25.
"
StandardReadableText	" Here, the number <b>C<sub></sub></b><strong><sup></sup></strong> (hexadecimal) and its decima
"
HardlyReadableText	" Hello, world.
"
StandardReadableText	" In this case, the value of X in 2X + Y = Z will be equal to 
"
StandardReadableText	" A number, when doubled and added to itself , results in the same value as that of doubling its origina
"
EasilyReadableText	" Today, the value of  C<sub></sub><sup></sup> <b>[</b>(a) (b)
"
StandardReadableText	" For the purpose of this document, I am referring to my account number as [C]****[Si
"
HardlyReadableText	" A number, when doubled and added to itself , results in the same value as that of doubling its origina
"
StandardReadableText	" A number, when doubled and added to itself , results in the same value as that of doubling its origina
"
StandardReadableText	" Today, the value of 0xDEADBEEF in binary was equal to exactly **C<sub><b
"
